pokedex_number,against_bug,against_dark,against_dragon,against_electric,against_fairy,against_fight,against_fire,against_flying,against_ghost,against_grass,against_ground,against_ice,against_normal,against_poison,against_psychic,against_rock,against_steel,against_water
1,1,1,1,0.5,0.5,0.5,2,2,1,0.25,1,2,1,1,2,1,1,0.5
2,1,1,1,0.5,0.5,0.5,2,2,1,0.25,1,2,1,1,2,1,1,0.5
3,1,1,1,0.5,0.5,0.5,2,2,1,0.25,1,2,1,1,2,1,1,0.5
4,0.5,1,1,1,0.5,1,0.5,1,1,0.5,2,0.5,1,1,1,2,0.5,2
5,0.5,1,1,1,0.5,1,0.5,1,1,0.5,2,0.5,1,1,1,2,0.5,2
6,0.25,1,1,2,0.5,0.5,0.5,1,1,0.25,0,1,1,1,1,4,0.5,2
7,1,1,1,2,1,1,0.5,1,1,2,1,0.5,1,1,1,1,0.5,0.5
8,1,1,1,2,1,1,0.5,1,1,2,1,0.5,1,1,1,1,0.5,0.5
9,1,1,1,2,1,1,0.5,1,1,2,1,0.5,1,1,1,1,0.5,0.5
10,1,1,1,1,1,0.5,2,2,1,0.5,0.5,1,1,1,1,2,1,1
11,1,1,1,1,1,0.5,2,2,1,0.5,0.5,1,1,1,1,2,1,1
12,0.5,1,1,2,1,0.25,2,2,1,0.25,0,2,1,1,1,4,1,1
13,0.5,1,1,1,0.5,0.25,2,2,1,0.25,1,1,1,0.5,2,2,1,1
14,0.5,1,1,1,0.5,0.25,2,2,1,0.25,1,1,1,0.5,2,2,1,1
15,0.5,1,1,1,0.5,0.25,2,2,1,0.25,1,1,1,0.5,2,2,1,1
16,0.5,1,1,2,1,1,1,1,0,0.5,0,2,1,1,1,2,1,1
17,0.5,1,1,2,1,1,1,1,0,0.5,0,2,1,1,1,2,1,1
18,0.5,1,1,2,1,1,1,1,0,0.5,0,2,1,1,1,2,1,1
19,1,1,1,1,1,2,1,1,0,1,1,1,1,1,1,1,1,1
20,1,1,1,1,1,2,1,1,0,1,1,1,1,1,1,1,1,1
21,0.5,1,1,2,1,1,1,1,0,0.5,0,2,1,1,1,2,1,1
22,0.5,1,1,2,1,1,1,1,0,0.5,0,2,1,1,1,2,1,1
23,0.5,1,1,1,0.5,0.5,1,1,1,0.5,2,1,1,0.5,2,1,1,1
24,0.5,1,1,1,0.5,0.5,1,1,1,0.5,2,1,1,0.5,2,1,1,1
25,1,1,1,0.5,1,1,1,0.5,1,1,2,1,1,1,1,1,0.5,1
26,1,1,1,0.5,1,1,1,0.5,1,1,2,1,1,1,1,1,0.5,1
27,1,1,1,0,1,1,1,1,1,2,1,2,1,0.5,1,0.5,1,2
28,1,1,1,0,1,1,1,1,1,2,1,2,1,0.5,1,0.5,1,2
29,0.5,1,1,1,0.5,0.5,1,1,1,0.5,2,1,1,0.5,2,1,1,1
30,0.5,1,1,1,0.5,0.5,1,1,1,0.5,2,1,1,0.5,2,1,1,1
31,0.5,1,1,0,0.5,0.5,1,1,1,1,2,2,1,0.25,2,0.5,1,2
32,0.5,1,1,1,0.5,0.5,1,1,1,0.5,2,1,1,0.5,2,1,1,1
33,0.5,1,1,1,0.5,0.5,1,1,1,0.5,2,1,1,0.5,2,1,1,1
34,0.5,1,1,0,0.5,0.5,1,1,1,1,2,2,1,0.25,2,0.5,1,2
35,0.5,0.5,0,1,1,0.5,1,1,1,1,1,1,1,2,1,1,2,1
36,0.5,0.5,0,1,1,0.5,1,1,1,1,1,1,1,2,1,1,2,1
37,0.5,1,1,1,0.5,1,0.5,1,1,0.5,2,0.5,1,1,1,2,0.5,2
38,0.5,1,1,1,0.5,1,0.5,1,1,0.5,2,0.5,1,1,1,2,0.5,2
39,0.5,0.5,0,1,1,1,1,1,0,1,1,1,1,2,1,1,2,1
40,0.5,0.5,0,1,1,1,1,1,0,1,1,1,1,2,1,1,2,1
41,0.25,1,1,2,0.5,0.25,1,1,1,0.25,0,2,1,0.5,2,2,1,1
42,0.25,1,1,2,0.5,0.25,1,1,1,0.25,0,2,1,0.5,2,2,1,1
43,1,1,1,0.5,0.5,0.5,2,2,1,0.25,1,2,1,1,2,1,1,0.5
44,1,1,1,0.5,0.5,0.5,2,2,1,0.25,1,2,1,1,2,1,1,0.5
45,1,1,1,0.5,0.5,0.5,2,2,1,0.25,1,2,1,1,2,1,1,0.5
46,2,1,1,0.5,1,0.5,4,4,1,0.25,0.25,2,1,2,1,2,1,0.5
47,2,1,1,0.5,1,0.5,4,4,1,0.25,0.25,2,1,2,1,2,1,0.5
48,0.5,1,1,1,0.5,0.25,2,2,1,0.25,1,1,1,0.5,2,2,1,1
49,0.5,1,1,1,0.5,0.25,2,2,1,0.25,1,1,1,0.5,2,2,1,1
50,1,1,1,0,1,1,1,1,1,2,1,2,1,0.5,1,0.5,1,2
51,1,1,1,0,1,1,1,1,1,2,1,2,1,0.5,1,0.5,1,2
52,1,1,1,1,1,2,1,1,0,1,1,1,1,1,1,1,1,1
53,1,1,1,1,1,2,1,1,0,1,1,1,1,1,1,1,1,1
54,1,1,1,2,1,1,0.5,1,1,2,1,0.5,1,1,1,1,0.5,0.5
55,1,1,1,2,1,1,0.5,1,1,2,1,0.5,1,1,1,1,0.5,0.5
56,0.5,0.5,1,1,2,1,1,2,1,1,1,1,1,1,2,0.5,1,1
57,0.5,0.5,1,1,2,1,1,2,1,1,1,1,1,1,2,0.5,1,1
58,0.5,1,1,1,0.5,1,0.5,1,1,0.5,2,0.5,1,1,1,2,0.5,2
59,0.5,1,1,1,0.5,1,0.5,1,1,0.5,2,0.5,1,1,1,2,0.5,2
60,1,1,1,2,1,1,0.5,1,1,2,1,0.5,1,1,1,1,0.5,0.5
61,1,1,1,2,1,1,0.5,1,1,2,1,0.5,1,1,1,1,0.5,0.5
62,0.5,0.5,1,2,2,1,0.5,2,1,2,1,0.5,1,1,2,0.5,0.5,0.5
63,2,2,1,1,1,0.5,1,1,2,1,1,1,1,1,0.5,1,1,1
64,2,2,1,1,1,0.5,1,1,2,1,1,1,1,1,0.5,1,1,1
65,2,2,1,1,1,0.5,1,1,2,1,1,1,1,1,0.5,1,1,1
66,0.5,0.5,1,1,2,1,1,2,1,1,1,1,1,1,2,0.5,1,1
67,0.5,0.5,1,1,2,1,1,2,1,1,1,1,1,1,2,0.5,1,1
68,0.5,0.5,1,1,2,1,1,2,1,1,1,1,1,1,2,0.5,1,1
69,1,1,1,0.5,0.5,0.5,2,2,1,0.25,1,2,1,1,2,1,1,0.5
70,1,1,1,0.5,0.5,0.5,2,2,1,0.25,1,2,1,1,2,1,1,0.5
71,1,1,1,0.5,0.5,0.5,2,2,1,0.25,1,2,1,1,2,1,1,0.5
72,0.5,1,1,2,0.5,0.5,0.5,1,1,1,2,0.5,1,0.5,2,1,0.5,0.5
73,0.5,1,1,2,0.5,0.5,0.5,1,1,1,2,0.5,1,0.5,2,1,0.5,0.5
74,1,1,1,0,1,2,0.5,0.5,1,4,2,2,0.5,0.25,1,0.5,2,4
75,1,1,1,0,1,2,0.5,0.5,1,4,2,2,0.5,0.25,1,0.5,2,4
76,1,1,1,0,1,2,0.5,0.5,1,4,2,2,0.5,0.25,1,0.5,2,4
77,0.5,1,1,1,0.5,1,0.5,1,1,0.5,2,0.5,1,1,1,2,0.5,2
78,0.5,1,1,1,0.5,1,0.5,1,1,0.5,2,0.5,1,1,1,2,0.5,2
79,2,2,1,2,1,0.5,0.5,1,2,2,1,0.5,1,1,0.5,1,0.5,0.5
80,2,2,1,2,1,0.5,0.5,1,2,2,1,0.5,1,1,0.5,1,0.5,0.5
81,0.5,1,0.5,0.5,0.5,2,2,0.25,1,0.5,4,0.5,0.5,0,0.5,0.5,0.25,1
82,0.5,1,0.5,0.5,0.5,2,2,0.25,1,0.5,4,0.5,0.5,0,0.5,0.5,0.25,1
83,0.5,1,1,2,1,1,1,1,0,0.5,0,2,1,1,1,2,1,1
84,0.5,1,1,2,1,1,1,1,0,0.5,0,2,1,1,1,2,1,1
85,0.5,1,1,2,1,1,1,1,0,0.5,0,2,1,1,1,2,1,1
86,1,1,1,2,1,1,0.5,1,1,2,1,0.5,1,1,1,1,0.5,0.5
87,1,1,1,2,1,2,1,1,1,2,1,0.25,1,1,1,2,1,0.5
88,0.5,1,1,1,0.5,0.5,1,1,1,0.5,2,1,1,0.5,2,1,1,1
89,0.5,1,1,1,0.5,0.5,1,1,1,0.5,2,1,1,0.5,2,1,1,1
90,1,1,1,2,1,1,0.5,1,1,2,1,0.5,1,1,1,1,0.5,0.5
91,1,1,1,2,1,2,1,1,1,2,1,0.25,1,1,1,2,1,0.5
92,0.25,2,1,1,0.5,0,1,1,2,0.5,2,1,0,0.25,2,1,1,1
93,0.25,2,1,1,0.5,0,1,1,2,0.5,2,1,0,0.25,2,1,1,1
94,0.25,2,1,1,0.5,0,1,1,2,0.5,2,1,0,0.25,2,1,1,1
95,1,1,1,0,1,2,0.5,0.5,1,4,2,2,0.5,0.25,1,0.5,2,4
96,2,2,1,1,1,0.5,1,1,2,1,1,1,1,1,0.5,1,1,1
97,2,2,1,1,1,0.5,1,1,2,1,1,1,1,1,0.5,1,1,1
98,1,1,1,2,1,1,0.5,1,1,2,1,0.5,1,1,1,1,0.5,0.5
99,1,1,1,2,1,1,0.5,1,1,2,1,0.5,1,1,1,1,0.5,0.5
100,1,1,1,0.5,1,1,1,0.5,1,1,2,1,1,1,1,1,0.5,1
101,1,1,1,0.5,1,1,1,0.5,1,1,2,1,1,1,1,1,0.5,1
102,4,2,1,0.5,1,0.5,2,2,2,0.5,0.5,2,1,2,0.5,1,1,0.5
103,4,2,1,0.5,1,0.5,2,2,2,0.5,0.5,2,1,2,0.5,1,1,0.5
104,1,1,1,0,1,1,1,1,1,2,1,2,1,0.5,1,0.5,1,2
105,1,1,1,0,1,1,1,1,1,2,1,2,1,0.5,1,0.5,1,2
106,0.5,0.5,1,1,2,1,1,2,1,1,1,1,1,1,2,0.5,1,1
107,0.5,0.5,1,1,2,1,1,2,1,1,1,1,1,1,2,0.5,1,1
108,1,1,1,1,1,2,1,1,0,1,1,1,1,1,1,1,1,1
109,0.5,1,1,1,0.5,0.5,1,1,1,0.5,2,1,1,0.5,2,1,1,1
110,0.5,1,1,1,0.5,0.5,1,1,1,0.5,2,1,1,0.5,2,1,1,1
111,1,1,1,0,1,2,0.5,0.5,1,4,2,2,0.5,0.25,1,0.5,2,4
112,1,1,1,0,1,2,0.5,0.5,1,4,2,2,0.5,0.25,1,0.5,2,4
113,1,1,1,1,1,2,1,1,0,1,1,1,1,1,1,1,1,1
114,2,1,1,0.5,1,1,2,2,1,0.5,0.5,2,1,2,1,1,1,0.5
115,1,1,1,1,1,2,1,1,0,1,1,1,1,1,1,1,1,1
116,1,1,1,2,1,1,0.5,1,1,2,1,0.5,1,1,1,1,0.5,0.5
117,1,1,1,2,1,1,0.5,1,1,2,1,0.5,1,1,1,1,0.5,0.5
118,1,1,1,2,1,1,0.5,1,1,2,1,0.5,1,1,1,1,0.5,0.5
119,1,1,1,2,1,1,0.5,1,1,2,1,0.5,1,1,1,1,0.5,0.5
120,1,1,1,2,1,1,0.5,1,1,2,1,0.5,1,1,1,1,0.5,0.5
121,2,2,1,2,1,0.5,0.5,1,2,2,1,0.5,1,1,0.5,1,0.5,0.5
122,1,1,0,1,1,0.25,1,1,2,1,1,1,1,2,0.5,1,2,1
123,0.5,1,1,2,1,0.25,2,2,1,0.25,0,2,1,1,1,4,1,1
124,2,2,1,1,1,1,2,1,2,1,1,0.5,1,1,0.5,2,2,1
125,1,1,1,0.5,1,1,1,0.5,1,1,2,1,1,1,1,1,0.5,1
126,0.5,1,1,1,0.5,1,0.5,1,1,0.5,2,0.5,1,1,1,2,0.5,2
127,1,1,1,1,1,0.5,2,2,1,0.5,0.5,1,1,1,1,2,1,1
128,1,1,1,1,1,2,1,1,0,1,1,1,1,1,1,1,1,1
129,1,1,1,2,1,1,0.5,1,1,2,1,0.5,1,1,1,1,0.5,0.5
130,0.5,1,1,4,1,0.5,0.5,1,1,1,0,1,1,1,1,2,0.5,0.5
131,1,1,1,2,1,2,1,1,1,2,1,0.25,1,1,1,2,1,0.5
132,1,1,1,1,1,2,1,1,0,1,1,1,1,1,1,1,1,1
133,1,1,1,1,1,2,1,1,0,1,1,1,1,1,1,1,1,1
134,1,1,1,2,1,1,0.5,1,1,2,1,0.5,1,1,1,1,0.5,0.5
135,1,1,1,0.5,1,1,1,0.5,1,1,2,1,1,1,1,1,0.5,1
136,0.5,1,1,1,0.5,1,0.5,1,1,0.5,2,0.5,1,1,1,2,0.5,2
137,1,1,1,1,1,2,1,1,0,1,1,1,1,1,1,1,1,1
138,1,1,1,2,1,2,0.25,0.5,1,4,2,0.5,0.5,0.5,1,1,1,1
139,1,1,1,2,1,2,0.25,0.5,1,4,2,0.5,0.5,0.5,1,1,1,1
140,1,1,1,2,1,2,0.25,0.5,1,4,2,0.5,0.5,0.5,1,1,1,1
141,1,1,1,2,1,2,0.25,0.5,1,4,2,0.5,0.5,0.5,1,1,1,1
142,0.5,1,1,2,1,1,0.5,0.5,1,1,0,2,0.5,0.5,1,2,2,2
143,1,1,1,1,1,2,1,1,0,1,1,1,1,1,1,1,1,1
144,0.5,1,1,2,1,1,2,1,1,0.5,0,1,1,1,1,4,2,1
145,0.5,1,1,1,1,0.5,1,0.5,1,0.5,0,2,1,1,1,2,0.5,1
146,0.25,1,1,2,0.5,0.5,0.5,1,1,0.25,0,1,1,1,1,4,0.5,2
147,1,1,2,0.5,2,1,0.5,1,1,0.5,1,2,1,1,1,1,1,0.5
148,1,1,2,0.5,2,1,0.5,1,1,0.5,1,2,1,1,1,1,1,0.5
149,0.5,1,2,1,2,0.5,0.5,1,1,0.25,0,4,1,1,1,2,1,0.5
150,2,2,1,1,1,0.5,1,1,2,1,1,1,1,1,0.5,1,1,1
151,2,2,1,1,1,0.5,1,1,2,1,1,1,1,1,0.5,1,1,1
152,2,1,1,0.5,1,1,2,2,1,0.5,0.5,2,1,2,1,1,1,0.5
153,2,1,1,0.5,1,1,2,2,1,0.5,0.5,2,1,2,1,1,1,0.5
154,2,1,1,0.5,1,1,2,2,1,0.5,0.5,2,1,2,1,1,1,0.5
155,0.5,1,1,1,0.5,1,0.5,1,1,0.5,2,0.5,1,1,1,2,0.5,2
156,0.5,1,1,1,0.5,1,0.5,1,1,0.5,2,0.5,1,1,1,2,0.5,2
157,0.5,1,1,1,0.5,1,0.5,1,1,0.5,2,0.5,1,1,1,2,0.5,2
158,1,1,1,2,1,1,0.5,1,1,2,1,0.5,1,1,1,1,0.5,0.5
159,1,1,1,2,1,1,0.5,1,1,2,1,0.5,1,1,1,1,0.5,0.5
160,1,1,1,2,1,1,0.5,1,1,2,1,0.5,1,1,1,1,0.5,0.5
161,1,1,1,1,1,2,1,1,0,1,1,1,1,1,1,1,1,1
162,1,1,1,1,1,2,1,1,0,1,1,1,1,1,1,1,1,1
163,0.5,1,1,2,1,1,1,1,0,0.5,0,2,1,1,1,2,1,1
164,0.5,1,1,2,1,1,1,1,0,0.5,0,2,1,1,1,2,1,1
165,0.5,1,1,2,1,0.25,2,2,1,0.25,0,2,1,1,1,4,1,1
166,0.5,1,1,2,1,0.25,2,2,1,0.25,0,2,1,1,1,4,1,1
167,0.5,1,1,1,0.5,0.25,2,2,1,0.25,1,1,1,0.5,2,2,1,1
168,0.5,1,1,1,0.5,0.25,2,2,1,0.25,1,1,1,0.5,2,2,1,1
169,0.25,1,1,2,0.5,0.25,1,1,1,0.25,0,2,1,0.5,2,2,1,1
170,1,1,1,1,1,1,0.5,0.5,1,2,2,0.5,1,1,1,1,0.25,0.5
171,1,1,1,1,1,1,0.5,0.5,1,2,2,0.5,1,1,1,1,0.25,0.5
172,1,1,1,0.5,1,1,1,0.5,1,1,2,1,1,1,1,1,0.5,1
173,0.5,0.5,0,1,1,0.5,1,1,1,1,1,1,1,2,1,1,2,1
174,0.5,0.5,0,1,1,1,1,1,0,1,1,1,1,2,1,1,2,1
175,0.5,0.5,0,1,1,0.5,1,1,1,1,1,1,1,2,1,1,2,1
176,0.25,0.5,0,2,1,0.25,1,1,1,0.5,0,2,1,2,1,2,2,1
177,1,2,1,2,1,0.25,1,1,2,0.5,0,2,1,1,0.5,2,1,1
178,1,2,1,2,1,0.25,1,1,2,0.5,0,2,1,1,0.5,2,1,1
179,1,1,1,0.5,1,1,1,0.5,1,1,2,1,1,1,1,1,0.5,1
180,1,1,1,0.5,1,1,1,0.5,1,1,2,1,1,1,1,1,0.5,1
181,1,1,1,0.5,1,1,1,0.5,1,1,2,1,1,1,1,1,0.5,1
182,2,1,1,0.5,1,1,2,2,1,0.5,0.5,2,1,2,1,1,1,0.5
183,0.5,0.5,0,2,1,0.5,0.5,1,1,2,1,0.5,1,2,1,1,1,0.5
184,0.5,0.5,0,2,1,0.5,0.5,1,1,2,1,0.5,1,2,1,1,1,0.5
185,1,1,1,1,1,2,0.5,0.5,1,2,2,1,0.5,0.5,1,1,2,2
186,1,1,1,2,1,1,0.5,1,1,2,1,0.5,1,1,1,1,0.5,0.5
187,1,1,1,1,1,0.5,2,2,1,0.25,0,4,1,2,1,2,1,0.5
188,1,1,1,1,1,0.5,2,2,1,0.25,0,4,1,2,1,2,1,0.5
189,1,1,1,1,1,0.5,2,2,1,0.25,0,4,1,2,1,2,1,0.5
190,1,1,1,1,1,2,1,1,0,1,1,1,1,1,1,1,1,1
191,2,1,1,0.5,1,1,2,2,1,0.5,0.5,2,1,2,1,1,1,0.5
192,2,1,1,0.5,1,1,2,2,1,0.5,0.5,2,1,2,1,1,1,0.5
193,0.5,1,1,2,1,0.25,2,2,1,0.25,0,2,1,1,1,4,1,1
194,1,1,1,0,1,1,0.5,1,1,4,1,1,1,0.5,1,0.5,0.5,1
195,1,1,1,0,1,1,0.5,1,1,4,1,1,1,0.5,1,0.5,0.5,1
196,2,2,1,1,1,0.5,1,1,2,1,1,1,1,1,0.5,1,1,1
197,2,0.5,1,1,2,2,1,1,0.5,1,1,1,1,1,0,1,1,1
198,1,0.5,1,2,2,1,1,1,0.5,0.5,0,2,1,1,0,2,1,1
199,2,2,1,2,1,0.5,0.5,1,2,2,1,0.5,1,1,0.5,1,0.5,0.5
200,0.5,2,1,1,1,0,1,1,2,1,1,1,0,0.5,1,1,1,1
201,2,2,1,1,1,0.5,1,1,2,1,1,1,1,1,0.5,1,1,1
202,2,2,1,1,1,0.5,1,1,2,1,1,1,1,1,0.5,1,1,1
203,2,2,1,1,1,1,1,1,0,1,1,1,1,1,0.5,1,1,1
204,1,1,1,1,1,0.5,2,2,1,0.5,0.5,1,1,1,1,2,1,1
205,0.5,1,0.5,1,0.5,1,4,1,1,0.25,1,0.5,0.5,0,0.5,1,0.5,1
206,1,1,1,1,1,2,1,1,0,1,1,1,1,1,1,1,1,1
207,0.5,1,1,0,1,0.5,1,1,1,1,0,4,1,0.5,1,1,1,2
208,0.5,1,0.5,0,0.5,2,2,0.5,1,1,2,1,0.5,0,0.5,0.25,0.5,2
209,0.5,0.5,0,1,1,0.5,1,1,1,1,1,1,1,2,1,1,2,1
210,0.5,0.5,0,1,1,0.5,1,1,1,1,1,1,1,2,1,1,2,1
211,0.5,1,1,2,0.5,0.5,0.5,1,1,1,2,0.5,1,0.5,2,1,0.5,0.5
212,0.5,1,0.5,1,0.5,1,4,1,1,0.25,1,0.5,0.5,0,0.5,1,0.5,1
213,1,1,1,1,1,1,1,1,1,1,1,1,0.5,0.5,1,2,2,2
214,0.5,0.5,1,1,2,0.5,2,4,1,0.5,0.5,1,1,1,2,1,1,1
215,2,0.5,1,1,2,4,2,1,0.5,1,1,0.5,1,1,0,2,2,1
216,1,1,1,1,1,2,1,1,0,1,1,1,1,1,1,1,1,1
217,1,1,1,1,1,2,1,1,0,1,1,1,1,1,1,1,1,1
218,0.5,1,1,1,0.5,1,0.5,1,1,0.5,2,0.5,1,1,1,2,0.5,2
219,0.5,1,1,1,0.5,2,0.25,0.5,1,1,4,0.5,0.5,0.5,1,2,1,4
220,1,1,1,0,1,2,2,1,1,2,1,1,1,0.5,1,1,2,2
221,1,1,1,0,1,2,2,1,1,2,1,1,1,0.5,1,1,2,2
222,1,1,1,2,1,2,0.25,0.5,1,4,2,0.5,0.5,0.5,1,1,1,1
223,1,1,1,2,1,1,0.5,1,1,2,1,0.5,1,1,1,1,0.5,0.5
224,1,1,1,2,1,1,0.5,1,1,2,1,0.5,1,1,1,1,0.5,0.5
225,0.5,1,1,2,1,1,2,1,1,0.5,0,1,1,1,1,4,2,1
226,0.5,1,1,4,1,0.5,0.5,1,1,1,0,1,1,1,1,2,0.5,0.5
227,0.25,1,0.5,2,0.5,1,2,0.5,1,0.25,0,1,0.5,0,0.5,1,0.5,1
228,1,0.5,1,1,1,2,0.5,1,0.5,0.5,2,0.5,1,1,0,2,0.5,2
229,1,0.5,1,1,1,2,0.5,1,0.5,0.5,2,0.5,1,1,0,2,0.5,2
230,1,1,2,1,2,1,0.25,1,1,1,1,1,1,1,1,1,0.5,0.25
231,1,1,1,0,1,1,1,1,1,2,1,2,1,0.5,1,0.5,1,2
232,1,1,1,0,1,1,1,1,1,2,1,2,1,0.5,1,0.5,1,2
233,1,1,1,1,1,2,1,1,0,1,1,1,1,1,1,1,1,1
234,1,1,1,1,1,2,1,1,0,1,1,1,1,1,1,1,1,1
235,1,1,1,1,1,2,1,1,0,1,1,1,1,1,1,1,1,1
236,0.5,0.5,1,1,2,1,1,2,1,1,1,1,1,1,2,0.5,1,1
237,0.5,0.5,1,1,2,1,1,2,1,1,1,1,1,1,2,0.5,1,1
238,2,2,1,1,1,1,2,1,2,1,1,0.5,1,1,0.5,2,2,1
239,1,1,1,0.5,1,1,1,0.5,1,1,2,1,1,1,1,1,0.5,1
240,0.5,1,1,1,0.5,1,0.5,1,1,0.5,2,0.5,1,1,1,2,0.5,2
241,1,1,1,1,1,2,1,1,0,1,1,1,1,1,1,1,1,1
242,1,1,1,1,1,2,1,1,0,1,1,1,1,1,1,1,1,1
243,1,1,1,0.5,1,1,1,0.5,1,1,2,1,1,1,1,1,0.5,1
244,0.5,1,1,1,0.5,1,0.5,1,1,0.5,2,0.5,1,1,1,2,0.5,2
245,1,1,1,2,1,1,0.5,1,1,2,1,0.5,1,1,1,1,0.5,0.5
246,1,1,1,0,1,2,0.5,0.5,1,4,2,2,0.5,0.25,1,0.5,2,4
247,1,1,1,0,1,2,0.5,0.5,1,4,2,2,0.5,0.25,1,0.5,2,4
248,2,0.5,1,1,2,4,0.5,0.5,0.5,2,2,1,0.5,0.5,0,1,2,2
249,1,2,1,2,1,0.25,1,1,2,0.5,0,2,1,1,0.5,2,1,1
250,0.25,1,1,2,0.5,0.5,0.5,1,1,0.25,0,1,1,1,1,4,0.5,2
251,4,2,1,0.5,1,0.5,2,2,2,0.5,0.5,2,1,2,0.5,1,1,0.5
252,2,1,1,0.5,1,1,2,2,1,0.5,0.5,2,1,2,1,1,1,0.5
253,2,1,1,0.5,1,1,2,2,1,0.5,0.5,2,1,2,1,1,1,0.5
254,2,1,1,0.5,1,1,2,2,1,0.5,0.5,2,1,2,1,1,1,0.5
255,0.5,1,1,1,0.5,1,0.5,1,1,0.5,2,0.5,1,1,1,2,0.5,2
256,0.25,0.5,1,1,1,1,0.5,2,1,0.5,2,0.5,1,1,2,1,0.5,2
257,0.25,0.5,1,1,1,1,0.5,2,1,0.5,2,0.5,1,1,2,1,0.5,2
258,1,1,1,2,1,1,0.5,1,1,2,1,0.5,1,1,1,1,0.5,0.5
259,1,1,1,0,1,1,0.5,1,1,4,1,1,1,0.5,1,0.5,0.5,1
260,1,1,1,0,1,1,0.5,1,1,4,1,1,1,0.5,1,0.5,0.5,1
261,2,0.5,1,1,2,2,1,1,0.5,1,1,1,1,1,0,1,1,1
262,2,0.5,1,1,2,2,1,1,0.5,1,1,1,1,1,0,1,1,1
263,1,1,1,1,1,2,1,1,0,1,1,1,1,1,1,1,1,1
264,1,1,1,1,1,2,1,1,0,1,1,1,1,1,1,1,1,1
265,1,1,1,1,1,0.5,2,2,1,0.5,0.5,1,1,1,1,2,1,1
266,1,1,1,1,1,0.5,2,2,1,0.5,0.5,1,1,1,1,2,1,1
267,0.5,1,1,2,1,0.25,2,2,1,0.25,0,2,1,1,1,4,1,1
268,1,1,1,1,1,0.5,2,2,1,0.5,0.5,1,1,1,1,2,1,1
269,0.5,1,1,1,0.5,0.25,2,2,1,0.25,1,1,1,0.5,2,2,1,1
270,2,1,1,1,1,1,1,2,1,1,0.5,1,1,2,1,1,0.5,0.25
271,2,1,1,1,1,1,1,2,1,1,0.5,1,1,2,1,1,0.5,0.25
272,2,1,1,1,1,1,1,2,1,1,0.5,1,1,2,1,1,0.5,0.25
273,2,1,1,0.5,1,1,2,2,1,0.5,0.5,2,1,2,1,1,1,0.5
274,4,0.5,1,0.5,2,2,2,2,0.5,0.5,0.5,2,1,2,0,1,1,0.5
275,4,0.5,1,0.5,2,2,2,2,0.5,0.5,0.5,2,1,2,0,1,1,0.5
276,0.5,1,1,2,1,1,1,1,0,0.5,0,2,1,1,1,2,1,1
277,0.5,1,1,2,1,1,1,1,0,0.5,0,2,1,1,1,2,1,1
278,0.5,1,1,4,1,0.5,0.5,1,1,1,0,1,1,1,1,2,0.5,0.5
279,0.5,1,1,4,1,0.5,0.5,1,1,1,0,1,1,1,1,2,0.5,0.5
280,1,1,0,1,1,0.25,1,1,2,1,1,1,1,2,0.5,1,2,1
281,1,1,0,1,1,0.25,1,1,2,1,1,1,1,2,0.5,1,2,1
282,1,1,0,1,1,0.25,1,1,2,1,1,1,1,2,0.5,1,2,1
283,1,1,1,2,1,0.5,1,2,1,1,0.5,0.5,1,1,1,2,0.5,0.5
284,0.5,1,1,2,1,0.25,2,2,1,0.25,0,2,1,1,1,4,1,1
285,2,1,1,0.5,1,1,2,2,1,0.5,0.5,2,1,2,1,1,1,0.5
286,1,0.5,1,0.5,2,1,2,4,1,0.5,0.5,2,1,2,2,0.5,1,0.5
287,1,1,1,1,1,2,1,1,0,1,1,1,1,1,1,1,1,1
288,1,1,1,1,1,2,1,1,0,1,1,1,1,1,1,1,1,1
289,1,1,1,1,1,2,1,1,0,1,1,1,1,1,1,1,1,1
290,1,1,1,0,1,0.5,2,2,1,1,0.5,2,1,0.5,1,1,1,2
291,0.5,1,1,2,1,0.25,2,2,1,0.25,0,2,1,1,1,4,1,1
292,0.5,2,1,1,1,0,2,2,2,0.5,0.5,1,0,0.5,1,2,1,1
293,1,1,1,1,1,2,1,1,0,1,1,1,1,1,1,1,1,1
294,1,1,1,1,1,2,1,1,0,1,1,1,1,1,1,1,1,1
295,1,1,1,1,1,2,1,1,0,1,1,1,1,1,1,1,1,1
296,0.5,0.5,1,1,2,1,1,2,1,1,1,1,1,1,2,0.5,1,1
297,0.5,0.5,1,1,2,1,1,2,1,1,1,1,1,1,2,0.5,1,1
298,0.5,0.5,0,1,1,1,1,1,0,1,1,1,1,2,1,1,2,1
299,1,1,1,1,1,2,0.5,0.5,1,2,2,1,0.5,0.5,1,1,2,2
300,1,1,1,1,1,2,1,1,0,1,1,1,1,1,1,1,1,1
301,1,1,1,1,1,2,1,1,0,1,1,1,1,1,1,1,1,1
302,1,1,1,1,2,0,1,1,1,1,1,1,0,0.5,0,1,1,1
303,0.25,0.5,0,1,0.5,1,2,0.5,1,0.5,2,0.5,0.5,0,0.5,0.5,1,1
304,0.5,1,0.5,1,0.5,4,1,0.25,1,1,4,0.5,0.25,0,0.5,0.5,1,2
305,0.5,1,0.5,1,0.5,4,1,0.25,1,1,4,0.5,0.25,0,0.5,0.5,1,2
306,0.5,1,0.5,1,0.5,4,1,0.25,1,1,4,0.5,0.25,0,0.5,0.5,1,2
307,1,1,1,1,2,0.5,1,2,2,1,1,1,1,1,1,0.5,1,1
308,1,1,1,1,2,0.5,1,2,2,1,1,1,1,1,1,0.5,1,1
309,1,1,1,0.5,1,1,1,0.5,1,1,2,1,1,1,1,1,0.5,1
310,1,1,1,0.5,1,1,1,0.5,1,1,2,1,1,1,1,1,0.5,1
311,1,1,1,0.5,1,1,1,0.5,1,1,2,1,1,1,1,1,0.5,1
312,1,1,1,0.5,1,1,1,0.5,1,1,2,1,1,1,1,1,0.5,1
313,1,1,1,1,1,0.5,2,2,1,0.5,0.5,1,1,1,1,2,1,1
314,1,1,1,1,1,0.5,2,2,1,0.5,0.5,1,1,1,1,2,1,1
315,1,1,1,0.5,0.5,0.5,2,2,1,0.25,1,2,1,1,2,1,1,0.5
316,0.5,1,1,1,0.5,0.5,1,1,1,0.5,2,1,1,0.5,2,1,1,1
317,0.5,1,1,1,0.5,0.5,1,1,1,0.5,2,1,1,0.5,2,1,1,1
318,2,0.5,1,2,2,2,0.5,1,0.5,2,1,0.5,1,1,0,1,0.5,0.5
319,2,0.5,1,2,2,2,0.5,1,0.5,2,1,0.5,1,1,0,1,0.5,0.5
320,1,1,1,2,1,1,0.5,1,1,2,1,0.5,1,1,1,1,0.5,0.5
321,1,1,1,2,1,1,0.5,1,1,2,1,0.5,1,1,1,1,0.5,0.5
322,0.5,1,1,0,0.5,1,0.5,1,1,1,2,1,1,0.5,1,1,0.5,4
323,0.5,1,1,0,0.5,1,0.5,1,1,1,2,1,1,0.5,1,1,0.5,4
324,0.5,1,1,1,0.5,1,0.5,1,1,0.5,2,0.5,1,1,1,2,0.5,2
325,2,2,1,1,1,0.5,1,1,2,1,1,1,1,1,0.5,1,1,1
326,2,2,1,1,1,0.5,1,1,2,1,1,1,1,1,0.5,1,1,1
327,1,1,1,1,1,2,1,1,0,1,1,1,1,1,1,1,1,1
328,1,1,1,0,1,1,1,1,1,2,1,2,1,0.5,1,0.5,1,2
329,1,1,2,0,2,1,0.5,1,1,1,1,4,1,0.5,1,0.5,1,1
330,1,1,2,0,2,1,0.5,1,1,1,1,4,1,0.5,1,0.5,1,1
331,2,1,1,0.5,1,1,2,2,1,0.5,0.5,2,1,2,1,1,1,0.5
332,4,0.5,1,0.5,2,2,2,2,0.5,0.5,0.5,2,1,2,0,1,1,0.5
333,0.5,1,1,2,1,1,1,1,0,0.5,0,2,1,1,1,2,1,1
334,0.5,1,2,1,2,0.5,0.5,1,1,0.25,0,4,1,1,1,2,1,0.5
335,1,1,1,1,1,2,1,1,0,1,1,1,1,1,1,1,1,1
336,0.5,1,1,1,0.5,0.5,1,1,1,0.5,2,1,1,0.5,2,1,1,1
337,2,2,1,1,1,1,0.5,0.5,2,2,2,1,0.5,0.5,0.5,1,2,2
338,2,2,1,1,1,1,0.5,0.5,2,2,2,1,0.5,0.5,0.5,1,2,2
339,1,1,1,0,1,1,0.5,1,1,4,1,1,1,0.5,1,0.5,0.5,1
340,1,1,1,0,1,1,0.5,1,1,4,1,1,1,0.5,1,0.5,0.5,1
341,1,1,1,2,1,1,0.5,1,1,2,1,0.5,1,1,1,1,0.5,0.5
342,2,0.5,1,2,2,2,0.5,1,0.5,2,1,0.5,1,1,0,1,0.5,0.5
343,2,2,1,0,1,0.5,1,1,2,2,1,2,1,0.5,0.5,0.5,1,2
344,2,2,1,0,1,0.5,1,1,2,2,1,2,1,0.5,0.5,0.5,1,2
345,2,1,1,0.5,1,2,1,1,1,1,1,2,0.5,1,1,1,2,1
346,2,1,1,0.5,1,2,1,1,1,1,1,2,0.5,1,1,1,2,1
347,1,1,1,1,1,1,1,1,1,1,1,1,0.5,0.5,1,2,2,2
348,1,1,1,1,1,1,1,1,1,1,1,1,0.5,0.5,1,2,2,2
349,1,1,1,2,1,1,0.5,1,1,2,1,0.5,1,1,1,1,0.5,0.5
350,1,1,1,2,1,1,0.5,1,1,2,1,0.5,1,1,1,1,0.5,0.5
351,1,1,1,1,1,2,1,1,0,1,1,1,1,1,1,1,1,1
352,1,1,1,1,1,2,1,1,0,1,1,1,1,1,1,1,1,1
353,0.5,2,1,1,1,0,1,1,2,1,1,1,0,0.5,1,1,1,1
354,0.5,2,1,1,1,0,1,1,2,1,1,1,0,0.5,1,1,1,1
355,0.5,2,1,1,1,0,1,1,2,1,1,1,0,0.5,1,1,1,1
356,0.5,2,1,1,1,0,1,1,2,1,1,1,0,0.5,1,1,1,1
357,1,1,1,1,1,0.5,2,2,1,0.25,0,4,1,2,1,2,1,0.5
358,2,2,1,1,1,0.5,1,1,2,1,1,1,1,1,0.5,1,1,1
359,2,0.5,1,1,2,2,1,1,0.5,1,1,1,1,1,0,1,1,1
360,2,2,1,1,1,0.5,1,1,2,1,1,1,1,1,0.5,1,1,1
361,1,1,1,1,1,2,2,1,1,1,1,0.5,1,1,1,2,2,1
362,1,1,1,1,1,2,2,1,1,1,1,0.5,1,1,1,2,2,1
363,1,1,1,2,1,2,1,1,1,2,1,0.25,1,1,1,2,1,0.5
364,1,1,1,2,1,2,1,1,1,2,1,0.25,1,1,1,2,1,0.5
365,1,1,1,2,1,2,1,1,1,2,1,0.25,1,1,1,2,1,0.5
366,1,1,1,2,1,1,0.5,1,1,2,1,0.5,1,1,1,1,0.5,0.5
367,1,1,1,2,1,1,0.5,1,1,2,1,0.5,1,1,1,1,0.5,0.5
368,1,1,1,2,1,1,0.5,1,1,2,1,0.5,1,1,1,1,0.5,0.5
369,1,1,1,2,1,2,0.25,0.5,1,4,2,0.5,0.5,0.5,1,1,1,1
370,1,1,1,2,1,1,0.5,1,1,2,1,0.5,1,1,1,1,0.5,0.5
371,1,1,2,0.5,2,1,0.5,1,1,0.5,1,2,1,1,1,1,1,0.5
372,1,1,2,0.5,2,1,0.5,1,1,0.5,1,2,1,1,1,1,1,0.5
373,0.5,1,2,1,2,0.5,0.5,1,1,0.25,0,4,1,1,1,2,1,0.5
374,1,2,0.5,1,0.5,1,2,0.5,2,0.5,2,0.5,0.5,0,0.25,0.5,0.5,1
375,1,2,0.5,1,0.5,1,2,0.5,2,0.5,2,0.5,0.5,0,0.25,0.5,0.5,1
376,1,2,0.5,1,0.5,1,2,0.5,2,0.5,2,0.5,0.5,0,0.25,0.5,0.5,1
377,1,1,1,1,1,2,0.5,0.5,1,2,2,1,0.5,0.5,1,1,2,2
378,1,1,1,1,1,2,2,1,1,1,1,0.5,1,1,1,2,2,1
379,0.5,1,0.5,1,0.5,2,2,0.5,1,0.5,2,0.5,0.5,0,0.5,0.5,0.5,1
380,2,2,2,0.5,2,0.5,0.5,1,2,0.5,1,2,1,1,0.5,1,1,0.5
381,2,2,2,0.5,2,0.5,0.5,1,2,0.5,1,2,1,1,0.5,1,1,0.5
382,1,1,1,2,1,1,0.5,1,1,2,1,0.5,1,1,1,1,0.5,0.5
383,1,1,1,0,1,1,1,1,1,2,1,2,1,0.5,1,0.5,1,2
384,0.5,1,2,1,2,0.5,0.5,1,1,0.25,0,4,1,1,1,2,1,0.5
385,1,2,0.5,1,0.5,1,2,0.5,2,0.5,2,0.5,0.5,0,0.25,0.5,0.5,1
386,2,2,1,1,1,0.5,1,1,2,1,1,1,1,1,0.5,1,1,1
387,2,1,1,0.5,1,1,2,2,1,0.5,0.5,2,1,2,1,1,1,0.5
388,2,1,1,0.5,1,1,2,2,1,0.5,0.5,2,1,2,1,1,1,0.5
389,2,1,1,0,1,1,2,2,1,1,0.5,4,1,1,1,0.5,1,1
390,0.5,1,1,1,0.5,1,0.5,1,1,0.5,2,0.5,1,1,1,2,0.5,2
391,0.25,0.5,1,1,1,1,0.5,2,1,0.5,2,0.5,1,1,2,1,0.5,2
392,0.25,0.5,1,1,1,1,0.5,2,1,0.5,2,0.5,1,1,2,1,0.5,2
393,1,1,1,2,1,1,0.5,1,1,2,1,0.5,1,1,1,1,0.5,0.5
394,1,1,1,2,1,1,0.5,1,1,2,1,0.5,1,1,1,1,0.5,0.5
395,0.5,1,0.5,2,0.5,2,1,0.5,1,1,2,0.25,0.5,0,0.5,0.5,0.25,0.5
396,0.5,1,1,2,1,1,1,1,0,0.5,0,2,1,1,1,2,1,1
397,0.5,1,1,2,1,1,1,1,0,0.5,0,2,1,1,1,2,1,1
398,0.5,1,1,2,1,1,1,1,0,0.5,0,2,1,1,1,2,1,1
399,1,1,1,1,1,2,1,1,0,1,1,1,1,1,1,1,1,1
400,1,1,1,2,1,2,0.5,1,0,2,1,0.5,1,1,1,1,0.5,0.5
401,1,1,1,1,1,0.5,2,2,1,0.5,0.5,1,1,1,1,2,1,1
402,1,1,1,1,1,0.5,2,2,1,0.5,0.5,1,1,1,1,2,1,1
403,1,1,1,0.5,1,1,1,0.5,1,1,2,1,1,1,1,1,0.5,1
404,1,1,1,0.5,1,1,1,0.5,1,1,2,1,1,1,1,1,0.5,1
405,1,1,1,0.5,1,1,1,0.5,1,1,2,1,1,1,1,1,0.5,1
406,1,1,1,0.5,0.5,0.5,2,2,1,0.25,1,2,1,1,2,1,1,0.5
407,1,1,1,0.5,0.5,0.5,2,2,1,0.25,1,2,1,1,2,1,1,0.5
408,1,1,1,1,1,2,0.5,0.5,1,2,2,1,0.5,0.5,1,1,2,2
409,1,1,1,1,1,2,0.5,0.5,1,2,2,1,0.5,0.5,1,1,2,2
410,0.5,1,0.5,1,0.5,4,1,0.25,1,1,4,0.5,0.25,0,0.5,0.5,1,2
411,0.5,1,0.5,1,0.5,4,1,0.25,1,1,4,0.5,0.25,0,0.5,0.5,1,2
412,1,1,1,1,1,0.5,2,2,1,0.5,0.5,1,1,1,1,2,1,1
413,2,1,1,0.5,1,0.5,4,4,1,0.25,0.25,2,1,2,1,2,1,0.5
414,0.5,1,1,2,1,0.25,2,2,1,0.25,0,2,1,1,1,4,1,1
415,0.5,1,1,2,1,0.25,2,2,1,0.25,0,2,1,1,1,4,1,1
416,0.5,1,1,2,1,0.25,2,2,1,0.25,0,2,1,1,1,4,1,1
417,1,1,1,0.5,1,1,1,0.5,1,1,2,1,1,1,1,1,0.5,1
418,1,1,1,2,1,1,0.5,1,1,2,1,0.5,1,1,1,1,0.5,0.5
419,1,1,1,2,1,1,0.5,1,1,2,1,0.5,1,1,1,1,0.5,0.5
420,2,1,1,0.5,1,1,2,2,1,0.5,0.5,2,1,2,1,1,1,0.5
421,2,1,1,0.5,1,1,2,2,1,0.5,0.5,2,1,2,1,1,1,0.5
422,1,1,1,2,1,1,0.5,1,1,2,1,0.5,1,1,1,1,0.5,0.5
423,1,1,1,0,1,1,0.5,1,1,4,1,1,1,0.5,1,0.5,0.5,1
424,1,1,1,1,1,2,1,1,0,1,1,1,1,1,1,1,1,1
425,0.25,2,1,2,1,0,1,1,2,0.5,0,2,0,0.5,1,2,1,1
426,0.25,2,1,2,1,0,1,1,2,0.5,0,2,0,0.5,1,2,1,1
427,1,1,1,1,1,2,1,1,0,1,1,1,1,1,1,1,1,1
428,1,1,1,1,1,2,1,1,0,1,1,1,1,1,1,1,1,1
429,0.5,2,1,1,1,0,1,1,2,1,1,1,0,0.5,1,1,1,1
430,1,0.5,1,2,2,1,1,1,0.5,0.5,0,2,1,1,0,2,1,1
431,1,1,1,1,1,2,1,1,0,1,1,1,1,1,1,1,1,1
432,1,1,1,1,1,2,1,1,0,1,1,1,1,1,1,1,1,1
433,2,2,1,1,1,0.5,1,1,2,1,1,1,1,1,0.5,1,1,1
434,1,0.5,1,1,1,1,1,1,0.5,0.5,2,1,1,0.5,0,1,1,1
435,1,0.5,1,1,1,1,1,1,0.5,0.5,2,1,1,0.5,0,1,1,1
436,1,2,0.5,1,0.5,1,2,0.5,2,0.5,2,0.5,0.5,0,0.25,0.5,0.5,1
437,1,2,0.5,1,0.5,1,2,0.5,2,0.5,2,0.5,0.5,0,0.25,0.5,0.5,1
438,1,1,1,1,1,2,0.5,0.5,1,2,2,1,0.5,0.5,1,1,2,2
439,1,1,0,1,1,0.25,1,1,2,1,1,1,1,2,0.5,1,2,1
440,1,1,1,1,1,2,1,1,0,1,1,1,1,1,1,1,1,1
441,0.5,1,1,2,1,1,1,1,0,0.5,0,2,1,1,1,2,1,1
442,1,1,1,1,2,0,1,1,1,1,1,1,0,0.5,0,1,1,1
443,1,1,2,0,2,1,0.5,1,1,1,1,4,1,0.5,1,0.5,1,1
444,1,1,2,0,2,1,0.5,1,1,1,1,4,1,0.5,1,0.5,1,1
445,1,1,2,0,2,1,0.5,1,1,1,1,4,1,0.5,1,0.5,1,1
446,1,1,1,1,1,2,1,1,0,1,1,1,1,1,1,1,1,1
447,0.5,0.5,1,1,2,1,1,2,1,1,1,1,1,1,2,0.5,1,1
448,0.25,0.5,0.5,1,1,2,2,1,1,0.5,2,0.5,0.5,0,1,0.25,0.5,1
449,1,1,1,0,1,1,1,1,1,2,1,2,1,0.5,1,0.5,1,2
450,1,1,1,0,1,1,1,1,1,2,1,2,1,0.5,1,0.5,1,2
451,0.5,1,1,1,0.5,0.25,2,2,1,0.25,1,1,1,0.5,2,2,1,1
452,1,0.5,1,1,1,1,1,1,0.5,0.5,2,1,1,0.5,0,1,1,1
453,0.25,0.5,1,1,1,0.5,1,2,1,0.5,2,1,1,0.5,4,0.5,1,1
454,0.25,0.5,1,1,1,0.5,1,2,1,0.5,2,1,1,0.5,4,0.5,1,1
455,2,1,1,0.5,1,1,2,2,1,0.5,0.5,2,1,2,1,1,1,0.5
456,1,1,1,2,1,1,0.5,1,1,2,1,0.5,1,1,1,1,0.5,0.5
457,1,1,1,2,1,1,0.5,1,1,2,1,0.5,1,1,1,1,0.5,0.5
458,0.5,1,1,4,1,0.5,0.5,1,1,1,0,1,1,1,1,2,0.5,0.5
459,2,1,1,0.5,1,2,4,2,1,0.5,0.5,1,1,2,1,2,2,0.5
460,2,1,1,0.5,1,2,4,2,1,0.5,0.5,1,1,2,1,2,2,0.5
461,2,0.5,1,1,2,4,2,1,0.5,1,1,0.5,1,1,0,2,2,1
462,0.5,1,0.5,0.5,0.5,2,2,0.25,1,0.5,4,0.5,0.5,0,0.5,0.5,0.25,1
463,1,1,1,1,1,2,1,1,0,1,1,1,1,1,1,1,1,1
464,1,1,1,0,1,2,0.5,0.5,1,4,2,2,0.5,0.25,1,0.5,2,4
465,2,1,1,0.5,1,1,2,2,1,0.5,0.5,2,1,2,1,1,1,0.5
466,1,1,1,0.5,1,1,1,0.5,1,1,2,1,1,1,1,1,0.5,1
467,0.5,1,1,1,0.5,1,0.5,1,1,0.5,2,0.5,1,1,1,2,0.5,2
468,0.25,0.5,0,2,1,0.25,1,1,1,0.5,0,2,1,2,1,2,2,1
469,0.5,1,1,2,1,0.25,2,2,1,0.25,0,2,1,1,1,4,1,1
470,2,1,1,0.5,1,1,2,2,1,0.5,0.5,2,1,2,1,1,1,0.5
471,1,1,1,1,1,2,2,1,1,1,1,0.5,1,1,1,2,2,1
472,0.5,1,1,0,1,0.5,1,1,1,1,0,4,1,0.5,1,1,1,2
473,1,1,1,0,1,2,2,1,1,2,1,1,1,0.5,1,1,2,2
474,1,1,1,1,1,2,1,1,0,1,1,1,1,1,1,1,1,1
475,1,1,1,1,2,0.5,1,2,2,1,1,1,1,1,1,0.5,1,1
476,0.5,1,0.5,1,0.5,4,1,0.25,1,1,4,0.5,0.25,0,0.5,0.5,1,2
477,0.5,2,1,1,1,0,1,1,2,1,1,1,0,0.5,1,1,1,1
478,0.5,2,1,1,1,0,2,1,2,1,1,0.5,0,0.5,1,2,2,1
479,0.5,2,1,0.5,1,0,1,0.5,2,1,2,1,0,0.5,1,1,0.5,1
480,2,2,1,1,1,0.5,1,1,2,1,1,1,1,1,0.5,1,1,1
481,2,2,1,1,1,0.5,1,1,2,1,1,1,1,1,0.5,1,1,1
482,2,2,1,1,1,0.5,1,1,2,1,1,1,1,1,0.5,1,1,1
483,0.5,1,1,0.5,1,2,1,0.5,1,0.25,2,1,0.5,0,0.5,0.5,0.5,0.5
484,1,1,2,1,2,1,0.25,1,1,1,1,1,1,1,1,1,0.5,0.25
485,0.25,1,0.5,1,0.25,2,1,0.5,1,0.25,4,0.25,0.5,0,0.5,1,0.25,2
486,1,1,1,1,1,2,1,1,0,1,1,1,1,1,1,1,1,1
487,0.5,2,2,0.5,2,0,0.5,1,2,0.5,1,2,0,0.5,1,1,1,0.5
488,2,2,1,1,1,0.5,1,1,2,1,1,1,1,1,0.5,1,1,1
489,1,1,1,2,1,1,0.5,1,1,2,1,0.5,1,1,1,1,0.5,0.5
490,1,1,1,2,1,1,0.5,1,1,2,1,0.5,1,1,1,1,0.5,0.5
491,2,0.5,1,1,2,2,1,1,0.5,1,1,1,1,1,0,1,1,1
492,2,1,1,0.5,1,1,2,2,1,0.5,0.5,2,1,2,1,1,1,0.5
493,1,1,1,1,1,2,1,1,0,1,1,1,1,1,1,1,1,1
494,1,2,1,1,0.5,0.5,0.5,1,2,0.5,2,0.5,1,1,0.5,2,0.5,2
495,2,1,1,0.5,1,1,2,2,1,0.5,0.5,2,1,2,1,1,1,0.5
496,2,1,1,0.5,1,1,2,2,1,0.5,0.5,2,1,2,1,1,1,0.5
497,2,1,1,0.5,1,1,2,2,1,0.5,0.5,2,1,2,1,1,1,0.5
498,0.5,1,1,1,0.5,1,0.5,1,1,0.5,2,0.5,1,1,1,2,0.5,2
499,0.25,0.5,1,1,1,1,0.5,2,1,0.5,2,0.5,1,1,2,1,0.5,2
500,0.25,0.5,1,1,1,1,0.5,2,1,0.5,2,0.5,1,1,2,1,0.5,2
501,1,1,1,2,1,1,0.5,1,1,2,1,0.5,1,1,1,1,0.5,0.5
502,1,1,1,2,1,1,0.5,1,1,2,1,0.5,1,1,1,1,0.5,0.5
503,1,1,1,2,1,1,0.5,1,1,2,1,0.5,1,1,1,1,0.5,0.5
504,1,1,1,1,1,2,1,1,0,1,1,1,1,1,1,1,1,1
505,1,1,1,1,1,2,1,1,0,1,1,1,1,1,1,1,1,1
506,1,1,1,1,1,2,1,1,0,1,1,1,1,1,1,1,1,1
507,1,1,1,1,1,2,1,1,0,1,1,1,1,1,1,1,1,1
508,1,1,1,1,1,2,1,1,0,1,1,1,1,1,1,1,1,1
509,2,0.5,1,1,2,2,1,1,0.5,1,1,1,1,1,0,1,1,1
510,2,0.5,1,1,2,2,1,1,0.5,1,1,1,1,1,0,1,1,1
511,2,1,1,0.5,1,1,2,2,1,0.5,0.5,2,1,2,1,1,1,0.5
512,2,1,1,0.5,1,1,2,2,1,0.5,0.5,2,1,2,1,1,1,0.5
513,0.5,1,1,1,0.5,1,0.5,1,1,0.5,2,0.5,1,1,1,2,0.5,2
514,0.5,1,1,1,0.5,1,0.5,1,1,0.5,2,0.5,1,1,1,2,0.5,2
515,1,1,1,2,1,1,0.5,1,1,2,1,0.5,1,1,1,1,0.5,0.5
516,1,1,1,2,1,1,0.5,1,1,2,1,0.5,1,1,1,1,0.5,0.5
517,2,2,1,1,1,0.5,1,1,2,1,1,1,1,1,0.5,1,1,1
518,2,2,1,1,1,0.5,1,1,2,1,1,1,1,1,0.5,1,1,1
519,0.5,1,1,2,1,1,1,1,0,0.5,0,2,1,1,1,2,1,1
520,0.5,1,1,2,1,1,1,1,0,0.5,0,2,1,1,1,2,1,1
521,0.5,1,1,2,1,1,1,1,0,0.5,0,2,1,1,1,2,1,1
522,1,1,1,0.5,1,1,1,0.5,1,1,2,1,1,1,1,1,0.5,1
523,1,1,1,0.5,1,1,1,0.5,1,1,2,1,1,1,1,1,0.5,1
524,1,1,1,1,1,2,0.5,0.5,1,2,2,1,0.5,0.5,1,1,2,2
525,1,1,1,1,1,2,0.5,0.5,1,2,2,1,0.5,0.5,1,1,2,2
526,1,1,1,1,1,2,0.5,0.5,1,2,2,1,0.5,0.5,1,1,2,2
527,1,2,1,2,1,0.25,1,1,2,0.5,0,2,1,1,0.5,2,1,1
528,1,2,1,2,1,0.25,1,1,2,0.5,0,2,1,1,0.5,2,1,1
529,1,1,1,0,1,1,1,1,1,2,1,2,1,0.5,1,0.5,1,2
530,0.5,1,0.5,0,0.5,2,2,0.5,1,1,2,1,0.5,0,0.5,0.25,0.5,2
531,1,1,1,1,1,2,1,1,0,1,1,1,1,1,1,1,1,1
532,0.5,0.5,1,1,2,1,1,2,1,1,1,1,1,1,2,0.5,1,1
533,0.5,0.5,1,1,2,1,1,2,1,1,1,1,1,1,2,0.5,1,1
534,0.5,0.5,1,1,2,1,1,2,1,1,1,1,1,1,2,0.5,1,1
535,1,1,1,2,1,1,0.5,1,1,2,1,0.5,1,1,1,1,0.5,0.5
536,1,1,1,0,1,1,0.5,1,1,4,1,1,1,0.5,1,0.5,0.5,1
537,1,1,1,0,1,1,0.5,1,1,4,1,1,1,0.5,1,0.5,0.5,1
538,0.5,0.5,1,1,2,1,1,2,1,1,1,1,1,1,2,0.5,1,1
539,0.5,0.5,1,1,2,1,1,2,1,1,1,1,1,1,2,0.5,1,1
540,2,1,1,0.5,1,0.5,4,4,1,0.25,0.25,2,1,2,1,2,1,0.5
541,2,1,1,0.5,1,0.5,4,4,1,0.25,0.25,2,1,2,1,2,1,0.5
542,2,1,1,0.5,1,0.5,4,4,1,0.25,0.25,2,1,2,1,2,1,0.5
543,0.5,1,1,1,0.5,0.25,2,2,1,0.25,1,1,1,0.5,2,2,1,1
544,0.5,1,1,1,0.5,0.25,2,2,1,0.25,1,1,1,0.5,2,2,1,1
545,0.5,1,1,1,0.5,0.25,2,2,1,0.25,1,1,1,0.5,2,2,1,1
546,1,0.5,0,0.5,1,0.5,2,2,1,0.5,0.5,2,1,4,1,1,2,0.5
547,1,0.5,0,0.5,1,0.5,2,2,1,0.5,0.5,2,1,4,1,1,2,0.5
548,2,1,1,0.5,1,1,2,2,1,0.5,0.5,2,1,2,1,1,1,0.5
549,2,1,1,0.5,1,1,2,2,1,0.5,0.5,2,1,2,1,1,1,0.5
550,1,1,1,2,1,1,0.5,1,1,2,1,0.5,1,1,1,1,0.5,0.5
551,2,0.5,1,0,2,2,1,1,0.5,2,1,2,1,0.5,0,0.5,1,2
552,2,0.5,1,0,2,2,1,1,0.5,2,1,2,1,0.5,0,0.5,1,2
553,2,0.5,1,0,2,2,1,1,0.5,2,1,2,1,0.5,0,0.5,1,2
554,0.5,1,1,1,0.5,1,0.5,1,1,0.5,2,0.5,1,1,1,2,0.5,2
555,0.5,1,1,1,0.5,1,0.5,1,1,0.5,2,0.5,1,1,1,2,0.5,2
556,2,1,1,0.5,1,1,2,2,1,0.5,0.5,2,1,2,1,1,1,0.5
557,1,1,1,1,1,1,1,1,1,1,1,1,0.5,0.5,1,2,2,2
558,1,1,1,1,1,1,1,1,1,1,1,1,0.5,0.5,1,2,2,2
559,1,0.25,1,1,4,2,1,2,0.5,1,1,1,1,1,0,0.5,1,1
560,1,0.25,1,1,4,2,1,2,0.5,1,1,1,1,1,0,0.5,1,1
561,1,2,1,2,1,0.25,1,1,2,0.5,0,2,1,1,0.5,2,1,1
562,0.5,2,1,1,1,0,1,1,2,1,1,1,0,0.5,1,1,1,1
563,0.5,2,1,1,1,0,1,1,2,1,1,1,0,0.5,1,1,1,1
564,1,1,1,2,1,2,0.25,0.5,1,4,2,0.5,0.5,0.5,1,1,1,1
565,1,1,1,2,1,2,0.25,0.5,1,4,2,0.5,0.5,0.5,1,1,1,1
566,0.5,1,1,2,1,1,0.5,0.5,1,1,0,2,0.5,0.5,1,2,2,2
567,0.5,1,1,2,1,1,0.5,0.5,1,1,0,2,0.5,0.5,1,2,2,2
568,0.5,1,1,1,0.5,0.5,1,1,1,0.5,2,1,1,0.5,2,1,1,1
569,0.5,1,1,1,0.5,0.5,1,1,1,0.5,2,1,1,0.5,2,1,1,1
570,2,0.5,1,1,2,2,1,1,0.5,1,1,1,1,1,0,1,1,1
571,2,0.5,1,1,2,2,1,1,0.5,1,1,1,1,1,0,1,1,1
572,1,1,1,1,1,2,1,1,0,1,1,1,1,1,1,1,1,1
573,1,1,1,1,1,2,1,1,0,1,1,1,1,1,1,1,1,1
574,2,2,1,1,1,0.5,1,1,2,1,1,1,1,1,0.5,1,1,1
575,2,2,1,1,1,0.5,1,1,2,1,1,1,1,1,0.5,1,1,1
576,2,2,1,1,1,0.5,1,1,2,1,1,1,1,1,0.5,1,1,1
577,2,2,1,1,1,0.5,1,1,2,1,1,1,1,1,0.5,1,1,1
578,2,2,1,1,1,0.5,1,1,2,1,1,1,1,1,0.5,1,1,1
579,2,2,1,1,1,0.5,1,1,2,1,1,1,1,1,0.5,1,1,1
580,0.5,1,1,4,1,0.5,0.5,1,1,1,0,1,1,1,1,2,0.5,0.5
581,0.5,1,1,4,1,0.5,0.5,1,1,1,0,1,1,1,1,2,0.5,0.5
582,1,1,1,1,1,2,2,1,1,1,1,0.5,1,1,1,2,2,1
583,1,1,1,1,1,2,2,1,1,1,1,0.5,1,1,1,2,2,1
584,1,1,1,1,1,2,2,1,1,1,1,0.5,1,1,1,2,2,1
585,2,1,1,0.5,1,2,2,2,0,0.5,0.5,2,1,2,1,1,1,0.5
586,2,1,1,0.5,1,2,2,2,0,0.5,0.5,2,1,2,1,1,1,0.5
587,0.5,1,1,1,1,0.5,1,0.5,1,0.5,0,2,1,1,1,2,0.5,1
588,1,1,1,1,1,0.5,2,2,1,0.5,0.5,1,1,1,1,2,1,1
589,0.5,1,0.5,1,0.5,1,4,1,1,0.25,1,0.5,0.5,0,0.5,1,0.5,1
590,1,1,1,0.5,0.5,0.5,2,2,1,0.25,1,2,1,1,2,1,1,0.5
591,1,1,1,0.5,0.5,0.5,2,2,1,0.25,1,2,1,1,2,1,1,0.5
592,0.5,2,1,2,1,0,0.5,1,2,2,1,0.5,0,0.5,1,1,0.5,0.5
593,0.5,2,1,2,1,0,0.5,1,2,2,1,0.5,0,0.5,1,1,0.5,0.5
594,1,1,1,2,1,1,0.5,1,1,2,1,0.5,1,1,1,1,0.5,0.5
595,1,1,1,0.5,1,0.5,2,1,1,0.5,1,1,1,1,1,2,0.5,1
596,1,1,1,0.5,1,0.5,2,1,1,0.5,1,1,1,1,1,2,0.5,1
597,1,1,0.5,0.5,0.5,2,4,1,1,0.25,1,1,0.5,0,0.5,0.5,0.5,0.5
598,1,1,0.5,0.5,0.5,2,4,1,1,0.25,1,1,0.5,0,0.5,0.5,0.5,0.5
599,0.5,1,0.5,1,0.5,2,2,0.5,1,0.5,2,0.5,0.5,0,0.5,0.5,0.5,1
600,0.5,1,0.5,1,0.5,2,2,0.5,1,0.5,2,0.5,0.5,0,0.5,0.5,0.5,1
601,0.5,1,0.5,1,0.5,2,2,0.5,1,0.5,2,0.5,0.5,0,0.5,0.5,0.5,1
602,1,1,1,0.5,1,1,1,0.5,1,1,2,1,1,1,1,1,0.5,1
603,1,1,1,0.5,1,1,1,0.5,1,1,2,1,1,1,1,1,0.5,1
604,1,1,1,0.5,1,1,1,0.5,1,1,2,1,1,1,1,1,0.5,1
605,2,2,1,1,1,0.5,1,1,2,1,1,1,1,1,0.5,1,1,1
606,2,2,1,1,1,0.5,1,1,2,1,1,1,1,1,0.5,1,1,1
607,0.25,2,1,1,0.5,0,0.5,1,2,0.5,2,0.5,0,0.5,1,2,0.5,2
608,0.25,2,1,1,0.5,0,0.5,1,2,0.5,2,0.5,0,0.5,1,2,0.5,2
609,0.25,2,1,1,0.5,0,0.5,1,2,0.5,2,0.5,0,0.5,1,2,0.5,2
610,1,1,2,0.5,2,1,0.5,1,1,0.5,1,2,1,1,1,1,1,0.5
611,1,1,2,0.5,2,1,0.5,1,1,0.5,1,2,1,1,1,1,1,0.5
612,1,1,2,0.5,2,1,0.5,1,1,0.5,1,2,1,1,1,1,1,0.5
613,1,1,1,1,1,2,2,1,1,1,1,0.5,1,1,1,2,2,1
614,1,1,1,1,1,2,2,1,1,1,1,0.5,1,1,1,2,2,1
615,1,1,1,1,1,2,2,1,1,1,1,0.5,1,1,1,2,2,1
616,1,1,1,1,1,0.5,2,2,1,0.5,0.5,1,1,1,1,2,1,1
617,1,1,1,1,1,0.5,2,2,1,0.5,0.5,1,1,1,1,2,1,1
618,1,1,1,0,1,1,1,0.5,1,2,2,2,1,0.5,1,0.5,0.5,2
619,0.5,0.5,1,1,2,1,1,2,1,1,1,1,1,1,2,0.5,1,1
620,0.5,0.5,1,1,2,1,1,2,1,1,1,1,1,1,2,0.5,1,1
621,1,1,2,0.5,2,1,0.5,1,1,0.5,1,2,1,1,1,1,1,0.5
622,0.5,2,1,0,1,0,1,1,2,2,1,2,0,0.25,1,0.5,1,2
623,0.5,2,1,0,1,0,1,1,2,2,1,2,0,0.25,1,0.5,1,2
624,1,0.5,0.5,1,1,4,2,0.5,0.5,0.5,2,0.5,0.5,0,0,0.5,0.5,1
625,1,0.5,0.5,1,1,4,2,0.5,0.5,0.5,2,0.5,0.5,0,0,0.5,0.5,1
626,1,1,1,1,1,2,1,1,0,1,1,1,1,1,1,1,1,1
627,0.5,1,1,2,1,1,1,1,0,0.5,0,2,1,1,1,2,1,1
628,0.5,1,1,2,1,1,1,1,0,0.5,0,2,1,1,1,2,1,1
629,1,0.5,1,2,2,1,1,1,0.5,0.5,0,2,1,1,0,2,1,1
630,1,0.5,1,2,2,1,1,1,0.5,0.5,0,2,1,1,0,2,1,1
631,0.5,1,1,1,0.5,1,0.5,1,1,0.5,2,0.5,1,1,1,2,0.5,2
632,0.5,1,0.5,1,0.5,1,4,1,1,0.25,1,0.5,0.5,0,0.5,1,0.5,1
633,2,0.5,2,0.5,4,2,0.5,1,0.5,0.5,1,2,1,1,0,1,1,0.5
634,2,0.5,2,0.5,4,2,0.5,1,0.5,0.5,1,2,1,1,0,1,1,0.5
635,2,0.5,2,0.5,4,2,0.5,1,0.5,0.5,1,2,1,1,0,1,1,0.5
636,0.5,1,1,1,0.5,0.5,1,2,1,0.25,1,0.5,1,1,1,4,0.5,2
637,0.5,1,1,1,0.5,0.5,1,2,1,0.25,1,0.5,1,1,1,4,0.5,2
638,0.25,0.5,0.5,1,1,2,2,1,1,0.5,2,0.5,0.5,0,1,0.25,0.5,1
639,0.5,0.5,1,1,2,2,0.5,1,1,2,2,1,0.5,0.5,2,0.5,2,2
640,1,0.5,1,0.5,2,1,2,4,1,0.5,0.5,2,1,2,2,0.5,1,0.5
641,0.5,1,1,2,1,0.5,1,1,1,0.5,0,2,1,1,1,2,1,1
642,0.5,1,1,1,1,0.5,1,0.5,1,0.5,0,2,1,1,1,2,0.5,1
643,0.5,1,2,0.5,1,1,0.25,1,1,0.25,2,1,1,1,1,2,0.5,1
644,1,1,2,0.25,2,1,0.5,0.5,1,0.5,2,2,1,1,1,1,0.5,0.5
645,0.5,1,1,0,1,0.5,1,1,1,1,0,4,1,0.5,1,1,1,2
646,1,1,2,0.5,2,2,1,1,1,0.5,1,1,1,1,1,2,2,0.5
647,0.5,0.5,1,2,2,1,0.5,2,1,2,1,0.5,1,1,2,0.5,0.5,0.5
648,2,2,1,1,1,1,1,1,0,1,1,1,1,1,0.5,1,1,1
649,0.5,1,0.5,1,0.5,1,4,1,1,0.25,1,0.5,0.5,0,0.5,1,0.5,1
650,2,1,1,0.5,1,1,2,2,1,0.5,0.5,2,1,2,1,1,1,0.5
651,2,1,1,0.5,1,1,2,2,1,0.5,0.5,2,1,2,1,1,1,0.5
652,1,0.5,1,0.5,2,1,2,4,1,0.5,0.5,2,1,2,2,0.5,1,0.5
653,0.5,1,1,1,0.5,1,0.5,1,1,0.5,2,0.5,1,1,1,2,0.5,2
654,0.5,1,1,1,0.5,1,0.5,1,1,0.5,2,0.5,1,1,1,2,0.5,2
655,1,2,1,1,0.5,0.5,0.5,1,2,0.5,2,0.5,1,1,0.5,2,0.5,2
656,1,1,1,2,1,1,0.5,1,1,2,1,0.5,1,1,1,1,0.5,0.5
657,1,1,1,2,1,1,0.5,1,1,2,1,0.5,1,1,1,1,0.5,0.5
658,2,0.5,1,2,2,2,0.5,1,0.5,2,1,0.5,1,1,0,1,0.5,0.5
659,1,1,1,1,1,2,1,1,0,1,1,1,1,1,1,1,1,1
660,1,1,1,0,1,2,1,1,0,2,1,2,1,0.5,1,0.5,1,2
661,0.5,1,1,2,1,1,1,1,0,0.5,0,2,1,1,1,2,1,1
662,0.25,1,1,2,0.5,0.5,0.5,1,1,0.25,0,1,1,1,1,4,0.5,2
663,0.25,1,1,2,0.5,0.5,0.5,1,1,0.25,0,1,1,1,1,4,0.5,2
664,1,1,1,1,1,0.5,2,2,1,0.5,0.5,1,1,1,1,2,1,1
665,1,1,1,1,1,0.5,2,2,1,0.5,0.5,1,1,1,1,2,1,1
666,0.5,1,1,2,1,0.25,2,2,1,0.25,0,2,1,1,1,4,1,1
667,0.5,1,1,1,0.5,2,0.5,1,0,0.5,2,0.5,1,1,1,2,0.5,2
668,0.5,1,1,1,0.5,2,0.5,1,0,0.5,2,0.5,1,1,1,2,0.5,2
669,0.5,0.5,0,1,1,0.5,1,1,1,1,1,1,1,2,1,1,2,1
670,0.5,0.5,0,1,1,0.5,1,1,1,1,1,1,1,2,1,1,2,1
671,0.5,0.5,0,1,1,0.5,1,1,1,1,1,1,1,2,1,1,2,1
672,2,1,1,0.5,1,1,2,2,1,0.5,0.5,2,1,2,1,1,1,0.5
673,2,1,1,0.5,1,1,2,2,1,0.5,0.5,2,1,2,1,1,1,0.5
674,0.5,0.5,1,1,2,1,1,2,1,1,1,1,1,1,2,0.5,1,1
675,1,0.25,1,1,4,2,1,2,0.5,1,1,1,1,1,0,0.5,1,1
676,1,1,1,1,1,2,1,1,0,1,1,1,1,1,1,1,1,1
677,2,2,1,1,1,0.5,1,1,2,1,1,1,1,1,0.5,1,1,1
678,2,2,1,1,1,0.5,1,1,2,1,1,1,1,1,0.5,1,1,1
679,0.25,2,0.5,1,0.5,0,2,0.5,2,0.5,2,0.5,0,0,0.5,0.5,0.5,1
680,0.25,2,0.5,1,0.5,0,2,0.5,2,0.5,2,0.5,0,0,0.5,0.5,0.5,1
681,0.25,2,0.5,1,0.5,0,2,0.5,2,0.5,2,0.5,0,0,0.5,0.5,0.5,1
682,0.5,0.5,0,1,1,0.5,1,1,1,1,1,1,1,2,1,1,2,1
683,0.5,0.5,0,1,1,0.5,1,1,1,1,1,1,1,2,1,1,2,1
684,0.5,0.5,0,1,1,0.5,1,1,1,1,1,1,1,2,1,1,2,1
685,0.5,0.5,0,1,1,0.5,1,1,1,1,1,1,1,2,1,1,2,1
686,4,1,1,1,2,1,1,1,1,1,1,1,1,1,0,1,1,1
687,4,1,1,1,2,1,1,1,1,1,1,1,1,1,0,1,1,1
688,1,1,1,2,1,2,0.25,0.5,1,4,2,0.5,0.5,0.5,1,1,1,1
689,1,1,1,2,1,2,0.25,0.5,1,4,2,0.5,0.5,0.5,1,1,1,1
690,0.5,1,1,2,0.5,0.5,0.5,1,1,1,2,0.5,1,0.5,2,1,0.5,0.5
691,0.5,1,2,0.5,1,0.5,0.5,1,1,0.25,2,2,1,0.5,2,1,1,0.5
692,1,1,1,2,1,1,0.5,1,1,2,1,0.5,1,1,1,1,0.5,0.5
693,1,1,1,2,1,1,0.5,1,1,2,1,0.5,1,1,1,1,0.5,0.5
694,1,1,1,0.5,1,2,1,0.5,0,1,2,1,1,1,1,1,0.5,1
695,1,1,1,0.5,1,2,1,0.5,0,1,2,1,1,1,1,1,0.5,1
696,1,1,2,0.5,2,2,0.25,0.5,1,1,2,2,0.5,0.5,1,1,2,1
697,1,1,2,0.5,2,2,0.25,0.5,1,1,2,2,0.5,0.5,1,1,2,1
698,1,1,1,1,1,4,1,0.5,1,2,2,0.5,0.5,0.5,1,2,4,2
699,1,1,1,1,1,4,1,0.5,1,2,2,0.5,0.5,0.5,1,2,4,2
700,0.5,0.5,0,1,1,0.5,1,1,1,1,1,1,1,2,1,1,2,1
701,0.25,0.5,1,2,2,0.5,1,2,1,0.5,0,2,1,1,2,1,1,1
702,0.5,0.5,0,0.5,1,0.5,1,0.5,1,1,2,1,1,2,1,1,1,1
703,0.5,0.5,0,1,1,1,0.5,0.5,1,2,2,1,0.5,1,1,1,4,2
704,1,1,2,0.5,2,1,0.5,1,1,0.5,1,2,1,1,1,1,1,0.5
705,1,1,2,0.5,2,1,0.5,1,1,0.5,1,2,1,1,1,1,1,0.5
706,1,1,2,0.5,2,1,0.5,1,1,0.5,1,2,1,1,1,1,1,0.5
707,0.25,0.5,0,1,0.5,1,2,0.5,1,0.5,2,0.5,0.5,0,0.5,0.5,1,1
708,1,2,1,0.5,1,0,2,2,2,0.5,0.5,2,0,1,1,1,1,0.5
709,1,2,1,0.5,1,0,2,2,2,0.5,0.5,2,0,1,1,1,1,0.5
710,1,2,1,0.5,1,0,2,2,2,0.5,0.5,2,0,1,1,1,1,0.5
711,1,2,1,0.5,1,0,2,2,2,0.5,0.5,2,0,1,1,1,1,0.5
712,1,1,1,1,1,2,2,1,1,1,1,0.5,1,1,1,2,2,1
713,1,1,1,1,1,2,2,1,1,1,1,0.5,1,1,1,2,2,1
714,0.5,1,2,1,2,0.5,0.5,1,1,0.25,0,4,1,1,1,2,1,0.5
715,0.5,1,2,1,2,0.5,0.5,1,1,0.25,0,4,1,1,1,2,1,0.5
716,0.5,0.5,0,1,1,0.5,1,1,1,1,1,1,1,2,1,1,2,1
717,1,0.5,1,2,2,1,1,1,0.5,0.5,0,2,1,1,0,2,1,1
718,1,1,2,0,2,1,0.5,1,1,1,1,4,1,0.5,1,0.5,1,1
719,0.5,0.5,0,1,1,1,0.5,0.5,1,2,2,1,0.5,1,1,1,4,2
720,1,4,1,1,1,0,1,1,4,1,1,1,0,0.5,0.5,1,1,1
721,0.5,1,1,2,0.5,1,0.25,1,1,1,2,0.25,1,1,1,2,0.25,1
722,1,1,1,1,1,0.5,2,2,1,0.25,0,4,1,2,1,2,1,0.5
723,1,1,1,1,1,0.5,2,2,1,0.25,0,4,1,2,1,2,1,0.5
724,1,2,1,0.5,1,0,2,2,2,0.5,0.5,2,0,1,1,1,1,0.5
725,0.5,1,1,1,0.5,1,0.5,1,1,0.5,2,0.5,1,1,1,2,0.5,2
726,0.5,1,1,1,0.5,1,0.5,1,1,0.5,2,0.5,1,1,1,2,0.5,2
727,1,0.5,1,1,1,2,0.5,1,0.5,0.5,2,0.5,1,1,0,2,0.5,2
728,1,1,1,2,1,1,0.5,1,1,2,1,0.5,1,1,1,1,0.5,0.5
729,1,1,1,2,1,1,0.5,1,1,2,1,0.5,1,1,1,1,0.5,0.5
730,0.5,0.5,0,2,1,0.5,0.5,1,1,2,1,0.5,1,2,1,1,1,0.5
731,0.5,1,1,2,1,1,1,1,0,0.5,0,2,1,1,1,2,1,1
732,0.5,1,1,2,1,1,1,1,0,0.5,0,2,1,1,1,2,1,1
733,0.5,1,1,2,1,1,1,1,0,0.5,0,2,1,1,1,2,1,1
734,1,1,1,1,1,2,1,1,0,1,1,1,1,1,1,1,1,1
735,1,1,1,1,1,2,1,1,0,1,1,1,1,1,1,1,1,1
736,1,1,1,1,1,0.5,2,2,1,0.5,0.5,1,1,1,1,2,1,1
737,1,1,1,0.5,1,0.5,2,1,1,0.5,1,1,1,1,1,2,0.5,1
738,1,1,1,0.5,1,0.5,2,1,1,0.5,1,1,1,1,1,2,0.5,1
739,0.5,0.5,1,1,2,1,1,2,1,1,1,1,1,1,2,0.5,1,1
740,0.5,0.5,1,1,2,2,2,2,1,1,1,0.5,1,1,2,1,2,1
741,0.25,1,1,2,0.5,0.5,0.5,1,1,0.25,0,1,1,1,1,4,0.5,2
742,0.5,0.5,0,1,1,0.25,2,2,1,0.5,0.5,1,1,2,1,2,2,1
743,0.5,0.5,0,1,1,0.25,2,2,1,0.5,0.5,1,1,2,1,2,2,1
744,1,1,1,1,1,2,0.5,0.5,1,2,2,1,0.5,0.5,1,1,2,2
745,1,1,1,1,1,2,0.5,0.5,1,2,2,1,0.5,0.5,1,1,2,2
746,1,1,1,2,1,1,0.5,1,1,2,1,0.5,1,1,1,1,0.5,0.5
747,0.5,1,1,2,0.5,0.5,0.5,1,1,1,2,0.5,1,0.5,2,1,0.5,0.5
748,0.5,1,1,2,0.5,0.5,0.5,1,1,1,2,0.5,1,0.5,2,1,0.5,0.5
749,1,1,1,0,1,1,1,1,1,2,1,2,1,0.5,1,0.5,1,2
750,1,1,1,0,1,1,1,1,1,2,1,2,1,0.5,1,0.5,1,2
751,1,1,1,2,1,0.5,1,2,1,1,0.5,0.5,1,1,1,2,0.5,0.5
752,1,1,1,2,1,0.5,1,2,1,1,0.5,0.5,1,1,1,2,0.5,0.5
753,2,1,1,0.5,1,1,2,2,1,0.5,0.5,2,1,2,1,1,1,0.5
754,2,1,1,0.5,1,1,2,2,1,0.5,0.5,2,1,2,1,1,1,0.5
755,1,0.5,0,0.5,1,0.5,2,2,1,0.5,0.5,2,1,4,1,1,2,0.5
756,1,0.5,0,0.5,1,0.5,2,2,1,0.5,0.5,2,1,4,1,1,2,0.5
757,0.25,1,1,1,0.25,0.5,0.5,1,1,0.25,4,0.5,1,0.5,2,2,0.5,2
758,0.25,1,1,1,0.25,0.5,0.5,1,1,0.25,4,0.5,1,0.5,2,2,0.5,2
759,0.5,0.5,1,1,2,2,1,2,0,1,1,1,1,1,2,0.5,1,1
760,0.5,0.5,1,1,2,2,1,2,0,1,1,1,1,1,2,0.5,1,1
761,2,1,1,0.5,1,1,2,2,1,0.5,0.5,2,1,2,1,1,1,0.5
762,2,1,1,0.5,1,1,2,2,1,0.5,0.5,2,1,2,1,1,1,0.5
763,2,1,1,0.5,1,1,2,2,1,0.5,0.5,2,1,2,1,1,1,0.5
764,0.5,0.5,0,1,1,0.5,1,1,1,1,1,1,1,2,1,1,2,1
765,2,2,1,1,1,1,1,1,0,1,1,1,1,1,0.5,1,1,1
766,0.5,0.5,1,1,2,1,1,2,1,1,1,1,1,1,2,0.5,1,1
767,1,1,1,2,1,0.5,1,2,1,1,0.5,0.5,1,1,1,2,0.5,0.5
768,1,1,1,2,1,0.5,1,2,1,1,0.5,0.5,1,1,1,2,0.5,0.5
769,0.5,2,1,0,1,0,1,1,2,2,1,2,0,0.25,1,0.5,1,2
770,0.5,2,1,0,1,0,1,1,2,2,1,2,0,0.25,1,0.5,1,2
771,1,1,1,2,1,1,0.5,1,1,2,1,0.5,1,1,1,1,0.5,0.5
772,1,1,1,1,1,2,1,1,0,1,1,1,1,1,1,1,1,1
773,1,1,1,1,1,2,1,1,0,1,1,1,1,1,1,1,1,1
774,0.5,1,1,2,1,1,0.5,0.5,1,1,0,2,0.5,0.5,1,2,2,2
775,1,1,1,1,1,2,1,1,0,1,1,1,1,1,1,1,1,1
776,0.5,1,2,0.5,1,1,0.25,1,1,0.25,2,1,1,1,1,2,0.5,1
777,0.5,1,0.5,0.5,0.5,2,2,0.25,1,0.5,4,0.5,0.5,0,0.5,0.5,0.25,1
778,0.25,1,0,1,1,0,1,1,2,1,1,1,0,1,1,1,2,1
779,2,2,1,2,1,0.5,0.5,1,2,2,1,0.5,1,1,0.5,1,0.5,0.5
780,1,1,2,0.5,2,2,0.5,1,0,0.5,1,2,1,1,1,1,1,0.5
781,1,2,1,0.5,1,0,2,2,2,0.5,0.5,2,0,1,1,1,1,0.5
782,1,1,2,0.5,2,1,0.5,1,1,0.5,1,2,1,1,1,1,1,0.5
783,0.5,0.5,2,0.5,4,1,0.5,2,1,0.5,1,2,1,1,2,0.5,1,0.5
784,0.5,0.5,2,0.5,4,1,0.5,2,1,0.5,1,2,1,1,2,0.5,1,0.5
785,0.5,0.5,0,0.5,1,0.5,1,0.5,1,1,2,1,1,2,1,1,1,1
786,1,1,0,1,1,0.25,1,1,2,1,1,1,1,2,0.5,1,2,1
787,1,0.5,0,0.5,1,0.5,2,2,1,0.5,0.5,2,1,4,1,1,2,0.5
788,0.5,0.5,0,2,1,0.5,0.5,1,1,2,1,0.5,1,2,1,1,1,0.5
789,2,2,1,1,1,0.5,1,1,2,1,1,1,1,1,0.5,1,1,1
790,2,2,1,1,1,0.5,1,1,2,1,1,1,1,1,0.5,1,1,1
791,1,2,0.5,1,0.5,1,2,0.5,2,0.5,2,0.5,0.5,0,0.25,0.5,0.5,1
792,1,4,1,1,1,0,1,1,4,1,1,1,0,0.5,0.5,1,1,1
793,0.5,1,1,1,0.5,1,0.5,0.5,1,1,4,1,0.5,0.25,2,1,2,2
794,0.5,0.5,1,1,2,0.5,2,4,1,0.5,0.5,1,1,1,2,1,1,1
795,0.5,0.5,1,1,2,0.5,2,4,1,0.5,0.5,1,1,1,2,1,1,1
796,1,1,1,0.5,1,1,1,0.5,1,1,2,1,1,1,1,1,0.5,1
797,0.25,1,0.5,2,0.5,1,2,0.5,1,0.25,0,1,0.5,0,0.5,1,0.5,1
798,1,1,0.5,0.5,0.5,2,4,1,1,0.25,1,1,0.5,0,0.5,0.5,0.5,0.5
799,2,0.5,2,0.5,4,2,0.5,1,0.5,0.5,1,2,1,1,0,1,1,0.5
800,2,2,1,1,1,0.5,1,1,2,1,1,1,1,1,0.5,1,1,1
801,0.25,0.5,0,1,0.5,1,2,0.5,1,0.5,2,0.5,0.5,0,0.5,0.5,1,1
